{
  "sac": {
    "mean_reward": -62.44849524221554,
    "std_reward": 2.7298739545768904,
    "training_time": 12.544758081436157
  },
  "td3": {
    "mean_reward": -79.16850319283826,
    "std_reward": 3.574652333988433,
    "training_time": 10.49270486831665
  }
}