{
  "sac": {
    "mean_reward": -60.72849524221554,
    "std_reward": 2.6910774805496107,
    "training_time": 11.520854949951172
  },
  "td3": {
    "mean_reward": -57.07403398249058,
    "std_reward": 5.503840364735051e-15,
    "training_time": 10.107207775115967
  }
}