{
  "high_temperature": {
    "variable": "temperature",
    "direction": "high",
    "optimal_threshold": 36.758,
    "percentile_threshold": 39.064373678037896,
    "percentile": 95,
    "avg_above": 0.2185792349726776,
    "avg_below": 0.1278928136419001,
    "ratio": 1.7090814467863649,
    "p_value": 0.00761816330130381
  },
  "low_temperature": {
    "variable": "temperature",
    "direction": "low",
    "optimal_threshold": 46.187999999999995,
    "percentile_threshold": 39.064373678037896,
    "percentile": 95,
    "avg_below": 0.136986301369863,
    "ratio": 0.0
  },
  "high_wind": {
    "variable": "wind_speed",
    "direction": "high",
    "optimal_threshold": 2.174,
    "percentile_threshold": 9.610024295895748,
    "percentile": 95,
    "avg_above": 0.13547376664056382,
    "avg_below": 0.14051094890510948,
    "ratio": 0.9641509625847919,
    "p_value": 0.7851328819964156
  },
  "precipitation": {
    "variable": "precipitation",
    "direction": "high",
    "optimal_threshold": 0.685,
    "percentile_threshold": 9.572808849020364,
    "percentile": 95,
    "avg_above": 0.12408759124087591,
    "avg_below": 0.14252153484729835,
    "ratio": 0.8706585385417502,
    "p_value": 0.3012170174602437
  }
}