component_id,component_vulnerability,environmental_vulnerability,vulnerability_score
generating_station_0,0.39963209507789,0.5894823157779036,0.19763058787582308
generating_station_1,0.8605714451279329,0.21159508852163347,0.4961415280890161
generating_station_2,0.685595153449124,0.3337157188281745,0.12751081689217472
generating_station_3,0.5789267873576293,0.39308947463495336,0.8274563216630256
generating_station_4,0.22481491235394924,0.46485598737362877,0.3070239852800135
generating_station_5,0.22479561626896213,0.728140769114411,0.6300178274831856
generating_station_6,0.14646688973455957,0.25973902572668783,0.34936886087152874
generating_station_7,0.7929409166199481,0.5113875507308893,0.5160544169422486
generating_station_8,0.5808920093945671,0.573931655089634,0.5373682234746238
generating_station_9,0.6664580622368363,0.13716033017599819,0.24788356442042164
generating_station_10,0.11646759543664197,0.5860358815211507,0.8756677022116469
generating_station_11,0.8759278817295955,0.23641929894983324,0.7201062586888917
generating_station_12,0.7659541126403374,0.15204127438822362,0.8515991532513513
generating_station_13,0.26987128854262094,0.8591084298026667,0.815861880342119
generating_station_14,0.24545997376568052,0.8725056264596475,0.5783199830488681
transmission_substation_15,0.24672360788274705,0.746717878493169,0.8374993880184934
transmission_substation_16,0.3433937943676302,0.34369101533869656,0.1707940016415356
transmission_substation_17,0.5198051453057903,0.1781376912051071,0.25678628993531616
transmission_substation_18,0.4455560149136927,0.6473864212097256,0.13618183112843046
transmission_substation_19,0.3329833121584336,0.45212199499168104,0.36026426461061145
